age,insured_sex,insured_education_level,insured_relationship,capital_loss,capital_gains,policy_number,customer_id
29,FEMALE,PhD,own-child,0,35100,687698,CUST687698
41,FEMALE,PhD,unmarried,-62400,48900,227811,CUST227811
44,MALE,Associate,unmarried,-46000,66000,367455,CUST367455
39,FEMALE,PhD,unmarried,0,0,104594,CUST104594
34,MALE,PhD,husband,-77000,0,413978,CUST413978
37,MALE,Associate,unmarried,0,0,429027,CUST429027
33,FEMALE,PhD,own-child,0,0,485665,CUST485665
42,MALE,PhD,wife,-39300,0,636550,CUST636550
42,FEMALE,Masters,other-relative,0,38400,543610,CUST543610
61,FEMALE,High School,other-relative,-51000,0,214618,CUST214618
38,FEMALE,College,not-in-family,-55500,41300,644081,CUST644081
26,MALE,College,own-child,0,63600,558938,CUST558938
31,MALE,High School,unmarried,0,53500,275265,CUST275265
39,FEMALE,High School,own-child,-27300,57000,143972,CUST143972
41,FEMALE,Associate,own-child,0,46700,431876,CUST431876
55,MALE,High School,other-relative,-68200,72700,285496,CUST285496
40,MALE,College,husband,-53500,0,736882,CUST736882
35,MALE,Masters,own-child,0,0,699044,CUST699044
43,MALE,High School,own-child,-29200,0,863236,CUST863236
45,FEMALE,PhD,unmarried,0,0,596785,CUST596785
25,MALE,Masters,husband,0,53200,908616,CUST908616
35,FEMALE,Associate,other-relative,0,81100,336614,CUST336614
30,MALE,High School,wife,-64000,51400,584859,CUST584859
37,MALE,PhD,own-child,0,0,990493,CUST990493
33,MALE,High School,not-in-family,-49200,53300,129872,CUST129872
28,FEMALE,Masters,unmarried,0,0,200152,CUST200152
26,MALE,Associate,not-in-family,-55700,0,206213,CUST206213
34,MALE,Associate,unmarried,-24100,0,616337,CUST616337
23,FEMALE,College,husband,-67400,0,448961,CUST448961
30,FEMALE,PhD,own-child,-60200,49700,790442,CUST790442
33,FEMALE,Associate,husband,0,35300,529112,CUST529112
47,MALE,College,husband,0,0,939631,CUST939631
34,FEMALE,PhD,other-relative,0,0,866931,CUST866931
35,FEMALE,Masters,wife,-40300,0,582011,CUST582011
39,MALE,College,not-in-family,0,0,394975,CUST394975
39,MALE,PhD,not-in-family,-39600,47600,282195,CUST282195
26,MALE,PhD,not-in-family,0,71500,420810,CUST420810
56,FEMALE,PhD,unmarried,-55000,36100,524836,CUST524836
32,FEMALE,Masters,own-child,0,0,307195,CUST307195
39,MALE,PhD,husband,-45800,56600,623648,CUST623648
34,MALE,PhD,other-relative,0,36900,598554,CUST598554
32,MALE,High School,unmarried,-49500,0,343161,CUST343161
42,MALE,PhD,not-in-family,0,62400,132902,CUST132902
31,FEMALE,High School,not-in-family,-91200,43400,356590,CUST356590
64,FEMALE,Associate,unmarried,0,59600,346002,CUST346002
42,FEMALE,Associate,own-child,-50000,56200,486676,CUST486676
41,FEMALE,Associate,husband,0,0,657045,CUST657045
37,FEMALE,College,not-in-family,-42900,0,761189,CUST761189
40,FEMALE,Associate,wife,0,0,175177,CUST175177
35,FEMALE,High School,other-relative,0,78300,116700,CUST116700
45,FEMALE,College,husband,-19700,0,166264,CUST166264
47,MALE,College,not-in-family,0,0,527945,CUST527945
38,FEMALE,PhD,unmarried,0,0,279422,CUST279422
31,MALE,High School,husband,-40600,52700,484200,CUST484200
40,FEMALE,Masters,wife,0,0,645258,CUST645258
29,MALE,Masters,other-relative,0,0,694662,CUST694662
35,MALE,High School,wife,-80600,57300,960680,CUST960680
48,MALE,Masters,not-in-family,-44200,0,498140,CUST498140
41,MALE,High School,own-child,0,35700,498875,CUST498875
34,FEMALE,Associate,husband,0,800,798177,CUST798177
36,FEMALE,College,not-in-family,-78600,0,679370,CUST679370
25,FEMALE,College,not-in-family,-56100,0,958857,CUST958857
29,FEMALE,High School,own-child,0,0,686816,CUST686816
23,FEMALE,Associate,own-child,-62400,0,127754,CUST127754
42,MALE,PhD,own-child,0,55200,918629,CUST918629
42,FEMALE,High School,not-in-family,0,0,307447,CUST307447
25,FEMALE,PhD,husband,-58400,67700,992145,CUST992145
47,FEMALE,Associate,not-in-family,0,61500,900628,CUST900628
25,MALE,Masters,own-child,-71700,0,235220,CUST235220
48,FEMALE,College,wife,0,0,740019,CUST740019
42,MALE,College,not-in-family,0,0,246882,CUST246882
41,FEMALE,College,not-in-family,-72300,0,797613,CUST797613
27,FEMALE,College,unmarried,0,0,193442,CUST193442
33,FEMALE,Associate,other-relative,-58100,35300,760179,CUST760179
54,MALE,College,wife,0,50500,939905,CUST939905
49,MALE,College,husband,-24300,34300,872814,CUST872814
61,FEMALE,Associate,husband,-56400,0,632627,CUST632627
28,FEMALE,High School,own-child,-57000,0,283414,CUST283414
47,FEMALE,PhD,other-relative,0,28800,163161,CUST163161
31,FEMALE,Masters,husband,-47500,0,853360,CUST853360
42,FEMALE,College,unmarried,0,0,776860,CUST776860
60,MALE,PhD,unmarried,-38800,52600,149367,CUST149367
41,MALE,High School,other-relative,-41000,0,395269,CUST395269
51,MALE,Associate,other-relative,0,0,143626,CUST143626
31,FEMALE,PhD,other-relative,-63100,62000,154982,CUST154982
41,MALE,High School,unmarried,-36200,41200,330591,CUST330591
38,FEMALE,PhD,not-in-family,0,44300,319232,CUST319232
39,FEMALE,Associate,husband,0,58000,531640,CUST531640
41,MALE,High School,other-relative,0,0,368050,CUST368050
38,FEMALE,Masters,not-in-family,0,0,155724,CUST155724
25,FEMALE,College,other-relative,0,51100,824540,CUST824540
32,FEMALE,High School,own-child,0,70500,428230,CUST428230
43,MALE,College,wife,-47300,40700,517240,CUST517240
28,FEMALE,Masters,husband,0,42400,469874,CUST469874
39,MALE,Masters,own-child,0,0,620215,CUST620215
27,FEMALE,Masters,unmarried,-54800,60000,618659,CUST618659
33,FEMALE,High School,wife,-45200,0,649082,CUST649082
32,MALE,PhD,unmarried,-65600,65300,437573,CUST437573
34,FEMALE,College,other-relative,0,84900,964657,CUST964657
40,FEMALE,High School,other-relative,-20400,45300,932502,CUST932502
28,FEMALE,PhD,not-in-family,0,68900,434507,CUST434507
46,FEMALE,High School,wife,-77500,46300,935277,CUST935277
35,MALE,Masters,other-relative,0,76000,682387,CUST682387
41,MALE,Masters,wife,-49000,0,456604,CUST456604
34,MALE,PhD,own-child,-28700,58600,139872,CUST139872
58,FEMALE,Associate,wife,-57900,0,515050,CUST515050
41,MALE,Masters,not-in-family,-57100,0,795686,CUST795686
27,MALE,PhD,not-in-family,-38200,13100,119513,CUST119513
32,FEMALE,PhD,wife,0,0,203914,CUST203914
45,MALE,Masters,husband,0,0,565157,CUST565157
32,MALE,High School,own-child,-44600,31900,904191,CUST904191
54,FEMALE,Masters,own-child,0,17600,419510,CUST419510
33,FEMALE,Masters,own-child,-44500,52000,575000,CUST575000
50,MALE,Associate,other-relative,0,0,120485,CUST120485
38,MALE,Masters,not-in-family,0,29000,589749,CUST589749
36,FEMALE,Associate,unmarried,-82400,39600,454086,CUST454086
30,FEMALE,Masters,not-in-family,-59300,47700,346940,CUST346940
34,FEMALE,Masters,unmarried,-31400,38100,985436,CUST985436
29,FEMALE,PhD,not-in-family,0,71400,237418,CUST237418
28,FEMALE,Associate,unmarried,-26900,0,335780,CUST335780
45,MALE,High School,unmarried,-51100,0,491392,CUST491392
46,FEMALE,Masters,husband,-50000,0,140880,CUST140880
37,MALE,High School,not-in-family,0,75400,962591,CUST962591
42,MALE,Associate,not-in-family,0,0,922565,CUST922565
28,MALE,High School,husband,0,88800,288580,CUST288580
29,MALE,College,wife,-59900,35100,154280,CUST154280
44,FEMALE,PhD,unmarried,0,53900,477177,CUST477177
34,MALE,Masters,other-relative,0,0,914815,CUST914815
45,FEMALE,PhD,other-relative,-45100,0,249048,CUST249048
40,FEMALE,Masters,other-relative,-58900,27000,144323,CUST144323
36,MALE,Associate,not-in-family,0,72200,125324,CUST125324
54,FEMALE,Masters,not-in-family,-22300,29600,398102,CUST398102
27,FEMALE,Masters,husband,0,51100,514065,CUST514065
46,MALE,Masters,not-in-family,0,0,922167,CUST922167
25,FEMALE,High School,own-child,-67900,51000,524230,CUST524230
28,FEMALE,High School,other-relative,0,62700,438817,CUST438817
57,MALE,Associate,own-child,0,25000,293794,CUST293794
32,MALE,High School,husband,-90200,42900,882920,CUST882920
44,MALE,High School,husband,0,0,212580,CUST212580
48,MALE,Masters,own-child,-32800,45100,630226,CUST630226
43,FEMALE,College,other-relative,0,47600,171254,CUST171254
31,MALE,PhD,not-in-family,0,0,247116,CUST247116
49,MALE,PhD,not-in-family,-13800,63100,505969,CUST505969
39,FEMALE,High School,unmarried,0,0,653864,CUST653864
62,MALE,PhD,wife,0,0,586367,CUST586367
43,FEMALE,Masters,not-in-family,-34400,66400,650026,CUST650026
32,FEMALE,College,other-relative,-39300,0,547744,CUST547744
29,MALE,Masters,husband,0,0,598124,CUST598124
53,MALE,Associate,not-in-family,-36700,25500,739447,CUST739447
24,FEMALE,High School,other-relative,0,0,427484,CUST427484
37,MALE,High School,not-in-family,0,59900,218684,CUST218684
50,MALE,High School,other-relative,-31400,62200,565564,CUST565564
43,MALE,PhD,other-relative,0,0,509928,CUST509928
26,FEMALE,High School,unmarried,0,0,593390,CUST593390
28,MALE,Masters,not-in-family,-39700,0,970607,CUST970607
43,MALE,College,other-relative,0,0,529398,CUST529398
44,MALE,College,other-relative,-58600,0,940942,CUST940942
49,FEMALE,College,own-child,0,47800,442677,CUST442677
50,FEMALE,High School,husband,0,0,365364,CUST365364
50,MALE,Associate,wife,-72500,53000,114839,CUST114839
38,FEMALE,Associate,not-in-family,0,0,872734,CUST872734
41,MALE,Masters,unmarried,-60500,24400,267885,CUST267885
52,FEMALE,High School,own-child,-37100,0,740505,CUST740505
52,FEMALE,Associate,not-in-family,0,0,629663,CUST629663
34,FEMALE,High School,wife,-68200,65600,405533,CUST405533
42,FEMALE,Masters,husband,-60200,39900,511621,CUST511621
54,MALE,Masters,unmarried,-24400,0,492745,CUST492745
41,FEMALE,Associate,own-child,-10600,33300,280709,CUST280709
37,FEMALE,Masters,own-child,0,54000,898573,CUST898573
38,FEMALE,College,other-relative,-74500,0,600845,CUST600845
36,FEMALE,College,own-child,-53800,53200,629918,CUST629918
28,MALE,Associate,other-relative,-70300,0,208298,CUST208298
51,FEMALE,Associate,other-relative,-24700,60300,513099,CUST513099
27,MALE,Masters,other-relative,0,25900,326322,CUST326322
30,FEMALE,High School,other-relative,-52600,0,146138,CUST146138
28,FEMALE,Associate,unmarried,-32500,47500,336047,CUST336047
40,FEMALE,High School,husband,-44600,0,118137,CUST118137
61,MALE,PhD,wife,-70200,41500,212674,CUST212674
57,FEMALE,High School,own-child,0,0,737593,CUST737593
36,MALE,Associate,other-relative,0,0,812025,CUST812025
43,MALE,Associate,other-relative,0,0,168151,CUST168151
30,FEMALE,PhD,unmarried,0,0,843227,CUST843227
29,FEMALE,Masters,other-relative,-47100,0,283925,CUST283925
31,MALE,PhD,husband,0,0,475588,CUST475588
43,MALE,College,husband,-33600,0,751905,CUST751905
40,MALE,Masters,other-relative,-45000,0,226725,CUST226725
57,FEMALE,High School,own-child,0,51500,395572,CUST395572
37,MALE,Associate,other-relative,-61000,0,277767,CUST277767
36,FEMALE,Associate,wife,-53300,57800,842618,CUST842618
55,MALE,College,husband,0,55400,577810,CUST577810
40,FEMALE,Associate,wife,0,71200,873114,CUST873114
39,FEMALE,Masters,other-relative,-19800,49900,522506,CUST522506
43,FEMALE,Associate,own-child,-75700,0,367595,CUST367595
42,MALE,Associate,husband,-63400,53100,586104,CUST586104
41,MALE,PhD,unmarried,0,55600,424862,CUST424862
38,FEMALE,College,own-child,0,0,356768,CUST356768
33,FEMALE,Associate,wife,-37600,37600,779075,CUST779075
40,FEMALE,PhD,not-in-family,0,0,799501,CUST799501
58,MALE,PhD,other-relative,-27600,47400,987905,CUST987905
33,FEMALE,High School,not-in-family,-40900,0,830414,CUST830414
40,FEMALE,Associate,not-in-family,0,68700,786957,CUST786957
39,FEMALE,College,own-child,-33300,0,448642,CUST448642
42,MALE,Associate,wife,0,0,526039,CUST526039
40,MALE,College,other-relative,-32300,64200,444422,CUST444422
31,FEMALE,High School,husband,-15700,0,689500,CUST689500
34,MALE,High School,wife,-48300,0,806081,CUST806081
37,MALE,High School,unmarried,-51800,0,384618,CUST384618
31,FEMALE,Associate,wife,-54600,0,756459,CUST756459
43,MALE,College,wife,-58100,0,655787,CUST655787
39,FEMALE,College,wife,0,0,419954,CUST419954
27,MALE,High School,other-relative,0,27100,515698,CUST515698
43,FEMALE,Masters,not-in-family,-39300,0,132871,CUST132871
31,MALE,Associate,own-child,-82700,20000,714929,CUST714929
44,MALE,College,other-relative,-55600,34000,297816,CUST297816
47,MALE,High School,husband,-77600,54100,615047,CUST615047
29,FEMALE,PhD,own-child,0,0,235869,CUST235869
37,FEMALE,Associate,unmarried,0,44000,931625,CUST931625
37,MALE,Associate,unmarried,-53800,0,371635,CUST371635
36,MALE,Masters,husband,-39700,0,427199,CUST427199
41,FEMALE,PhD,other-relative,0,81300,261315,CUST261315
33,FEMALE,Associate,other-relative,-38600,0,278091,CUST278091
59,MALE,PhD,own-child,0,39000,153154,CUST153154
30,FEMALE,Masters,unmarried,0,43900,515217,CUST515217
46,MALE,High School,not-in-family,0,0,351741,CUST351741
45,FEMALE,Associate,wife,-63900,39400,403737,CUST403737
33,FEMALE,High School,not-in-family,0,0,162004,CUST162004
30,MALE,Associate,other-relative,-73900,51600,740384,CUST740384
37,FEMALE,High School,wife,-30200,61600,876714,CUST876714
44,MALE,High School,husband,0,0,576723,CUST576723
50,FEMALE,Masters,other-relative,0,0,391003,CUST391003
26,MALE,College,not-in-family,0,0,225865,CUST225865
49,FEMALE,High School,own-child,-42100,0,890328,CUST890328
47,MALE,PhD,own-child,0,0,803294,CUST803294
31,MALE,PhD,own-child,-27900,0,414519,CUST414519
28,MALE,Masters,not-in-family,0,0,818413,CUST818413
46,FEMALE,PhD,husband,-73600,53500,487356,CUST487356
30,MALE,College,wife,-48700,38900,406567,CUST406567
39,MALE,College,unmarried,-56600,0,935442,CUST935442
37,MALE,Associate,wife,-53700,0,106873,CUST106873
30,FEMALE,Associate,husband,-64300,39600,563878,CUST563878
42,FEMALE,Associate,wife,0,25000,337677,CUST337677
26,MALE,College,own-child,0,0,445973,CUST445973
47,MALE,Masters,other-relative,0,0,156694,CUST156694
38,FEMALE,Associate,unmarried,0,0,421940,CUST421940
28,MALE,PhD,unmarried,0,75800,613226,CUST613226
56,MALE,Associate,own-child,-43800,67400,804410,CUST804410
43,FEMALE,PhD,husband,-74300,46400,553565,CUST553565
44,FEMALE,Associate,other-relative,0,47200,701521,CUST701521
26,FEMALE,High School,unmarried,-41500,0,360770,CUST360770
57,MALE,Masters,own-child,-83200,67400,958785,CUST958785
27,FEMALE,High School,own-child,-32800,56400,797934,CUST797934
28,MALE,College,other-relative,0,30400,435784,CUST435784
33,MALE,College,wife,-13200,0,563837,CUST563837
44,MALE,PhD,unmarried,0,0,200827,CUST200827
61,FEMALE,Associate,unmarried,-42600,0,533941,CUST533941
24,FEMALE,College,other-relative,0,47400,265026,CUST265026
41,FEMALE,Associate,own-child,-54300,60700,566720,CUST566720
46,FEMALE,High School,own-child,-55300,0,832746,CUST832746
31,FEMALE,Masters,wife,0,30700,386690,CUST386690
36,FEMALE,Masters,own-child,0,68500,979285,CUST979285
47,FEMALE,Associate,own-child,-37900,73000,594722,CUST594722
47,MALE,PhD,other-relative,0,69400,369048,CUST369048
57,MALE,High School,other-relative,-22400,0,514424,CUST514424
41,FEMALE,PhD,own-child,0,0,954191,CUST954191
30,FEMALE,PhD,husband,0,51500,150181,CUST150181
53,MALE,College,unmarried,0,45700,457244,CUST457244
44,FEMALE,Masters,other-relative,-56800,0,206667,CUST206667
29,FEMALE,Associate,own-child,-85900,0,745200,CUST745200
32,MALE,College,other-relative,-54100,0,347984,CUST347984
41,FEMALE,Associate,own-child,0,81800,626074,CUST626074
34,FEMALE,PhD,other-relative,-24300,64800,218109,CUST218109
29,MALE,PhD,not-in-family,-42300,36100,999435,CUST999435
41,FEMALE,Masters,own-child,0,0,500384,CUST500384
30,MALE,High School,wife,0,46400,903785,CUST903785
38,FEMALE,College,not-in-family,-62500,0,873859,CUST873859
21,MALE,Associate,wife,-45300,0,204294,CUST204294
48,MALE,PhD,other-relative,-36700,54900,751612,CUST751612
36,FEMALE,High School,husband,-36600,0,876680,CUST876680
31,MALE,High School,own-child,-41600,40700,121439,CUST121439
31,FEMALE,PhD,not-in-family,-57500,61400,411289,CUST411289
57,MALE,High School,unmarried,0,55600,538466,CUST538466
46,MALE,Masters,wife,-28800,0,932097,CUST932097
27,FEMALE,High School,unmarried,-47400,0,463727,CUST463727
53,FEMALE,Masters,not-in-family,0,0,936638,CUST936638
33,FEMALE,College,husband,-36900,69200,944102,CUST944102
51,MALE,Associate,other-relative,0,0,689901,CUST689901
60,FEMALE,College,unmarried,0,48800,901083,CUST901083
30,FEMALE,College,wife,-66300,0,396224,CUST396224
45,FEMALE,High School,wife,-64100,54800,596298,CUST596298
40,MALE,Masters,unmarried,-45300,0,253005,CUST253005
45,FEMALE,College,unmarried,0,0,985924,CUST985924
43,FEMALE,Associate,not-in-family,-50400,0,631565,CUST631565
29,FEMALE,High School,not-in-family,-29900,0,630998,CUST630998
44,FEMALE,College,not-in-family,0,64000,926665,CUST926665
29,MALE,Masters,own-child,0,0,302669,CUST302669
39,MALE,Associate,unmarried,0,0,620020,CUST620020
32,FEMALE,High School,unmarried,-43700,63900,439828,CUST439828
49,FEMALE,Masters,wife,0,0,971295,CUST971295
44,MALE,High School,unmarried,0,0,936543,CUST936543
41,FEMALE,College,husband,0,0,501692,CUST501692
21,MALE,High School,husband,0,0,355085,CUST355085
31,MALE,Masters,husband,0,52800,651948,CUST651948
34,FEMALE,College,other-relative,0,0,424358,CUST424358
35,MALE,Masters,not-in-family,-91400,44900,131478,CUST131478
31,FEMALE,High School,own-child,0,63600,268833,CUST268833
36,FEMALE,Masters,other-relative,-38400,0,287489,CUST287489
58,MALE,Masters,own-child,0,82200,808153,CUST808153
45,FEMALE,PhD,not-in-family,-53300,83200,497347,CUST497347
48,FEMALE,Masters,other-relative,0,0,439660,CUST439660
34,MALE,College,wife,0,67900,847123,CUST847123
32,MALE,Associate,own-child,0,0,172307,CUST172307
44,FEMALE,PhD,not-in-family,0,68500,903203,CUST903203
40,FEMALE,PhD,own-child,0,0,253085,CUST253085
31,MALE,Masters,not-in-family,0,0,492224,CUST492224
33,FEMALE,PhD,wife,0,0,107181,CUST107181
36,FEMALE,Associate,other-relative,-15600,23600,855186,CUST855186
52,FEMALE,High School,unmarried,-71000,44000,373935,CUST373935
53,MALE,Associate,wife,0,0,993840,CUST993840
32,FEMALE,PhD,other-relative,0,37900,327856,CUST327856
39,FEMALE,Masters,husband,0,0,506333,CUST506333
32,FEMALE,PhD,husband,-50300,70300,263159,CUST263159
30,FEMALE,College,husband,-51200,42800,372912,CUST372912
33,FEMALE,College,unmarried,0,12100,552788,CUST552788
37,FEMALE,Associate,husband,-43600,33000,722747,CUST722747
30,FEMALE,Associate,not-in-family,-42700,46500,248467,CUST248467
43,MALE,Associate,not-in-family,-8500,0,955953,CUST955953
24,MALE,Masters,husband,0,0,910622,CUST910622
28,MALE,Masters,own-child,-41200,38000,137675,CUST137675
38,FEMALE,PhD,other-relative,0,51700,413192,CUST413192
44,FEMALE,High School,other-relative,0,0,247801,CUST247801
57,FEMALE,PhD,own-child,-50300,38600,431283,CUST431283
38,MALE,PhD,other-relative,0,64400,149467,CUST149467
33,FEMALE,Associate,unmarried,-60600,45500,758740,CUST758740
34,FEMALE,Masters,wife,0,54500,628337,CUST628337
56,FEMALE,College,other-relative,0,0,574637,CUST574637
37,FEMALE,High School,not-in-family,0,49600,373600,CUST373600
35,FEMALE,PhD,not-in-family,-51900,0,930032,CUST930032
51,MALE,PhD,not-in-family,-62400,0,484321,CUST484321
49,FEMALE,PhD,wife,0,0,795847,CUST795847
36,FEMALE,Masters,other-relative,-60600,34500,792673,CUST792673
29,MALE,High School,husband,-67800,60400,662256,CUST662256
53,MALE,Masters,unmarried,0,0,714738,CUST714738
44,MALE,College,wife,0,0,976645,CUST976645
21,FEMALE,Masters,other-relative,-41200,0,918037,CUST918037
56,MALE,High School,own-child,-40900,48900,836272,CUST836272
28,MALE,Associate,husband,-31700,0,167231,CUST167231
29,MALE,High School,husband,-76000,0,743330,CUST743330
24,FEMALE,High School,other-relative,0,0,807369,CUST807369
46,MALE,College,own-child,0,0,735307,CUST735307
33,MALE,High School,unmarried,-30400,45000,585324,CUST585324
39,FEMALE,High School,unmarried,0,64200,498759,CUST498759
43,FEMALE,Masters,not-in-family,0,0,203250,CUST203250
47,FEMALE,Associate,own-child,-56200,0,430794,CUST430794
46,MALE,PhD,unmarried,-49400,0,156636,CUST156636
44,MALE,Associate,husband,-39100,0,284143,CUST284143
32,MALE,College,wife,-41100,61400,740518,CUST740518
49,FEMALE,PhD,own-child,0,0,599262,CUST599262
39,MALE,Masters,husband,-53700,0,493161,CUST493161
38,FEMALE,Associate,husband,-37500,0,320251,CUST320251
48,FEMALE,PhD,own-child,-42700,0,231127,CUST231127
24,FEMALE,PhD,other-relative,0,51400,491484,CUST491484
29,MALE,High School,husband,-68100,74200,925128,CUST925128
24,FEMALE,High School,unmarried,0,0,265093,CUST265093
30,MALE,College,unmarried,-58400,55300,267808,CUST267808
38,MALE,High School,husband,-52900,38600,116735,CUST116735
38,FEMALE,College,not-in-family,0,0,215534,CUST215534
60,FEMALE,College,husband,0,0,232854,CUST232854
27,FEMALE,College,wife,-42500,43000,538955,CUST538955
39,MALE,High School,own-child,-51200,87800,243226,CUST243226
43,FEMALE,Associate,unmarried,-33000,46300,582480,CUST582480
26,FEMALE,PhD,not-in-family,0,31500,924318,CUST924318
42,MALE,College,other-relative,-49500,33500,726880,CUST726880
46,FEMALE,Associate,own-child,-45800,0,246705,CUST246705
45,FEMALE,High School,husband,0,58300,164988,CUST164988
47,FEMALE,Masters,other-relative,0,55100,729534,CUST729534
54,FEMALE,Associate,not-in-family,0,41400,505014,CUST505014
34,FEMALE,High School,other-relative,-58900,33500,920826,CUST920826
48,FEMALE,Masters,unmarried,0,0,534982,CUST534982
53,FEMALE,College,not-in-family,0,0,110408,CUST110408
38,MALE,PhD,own-child,0,23300,283052,CUST283052
42,FEMALE,PhD,wife,-49200,65000,382394,CUST382394
23,FEMALE,College,wife,-71900,0,876699,CUST876699
55,FEMALE,Associate,other-relative,-56200,0,379882,CUST379882
63,MALE,High School,own-child,0,47600,852002,CUST852002
44,FEMALE,College,other-relative,-39400,45400,372891,CUST372891
30,FEMALE,PhD,wife,-72400,27700,689034,CUST689034
25,FEMALE,Masters,not-in-family,0,49300,421092,CUST421092
29,FEMALE,Associate,own-child,0,65700,811042,CUST811042
29,MALE,PhD,own-child,-53000,30000,788502,CUST788502
37,MALE,High School,unmarried,-55600,52300,627486,CUST627486
53,MALE,Associate,wife,-34600,0,498842,CUST498842
51,MALE,Masters,not-in-family,-32900,0,550294,CUST550294
53,FEMALE,High School,unmarried,0,0,328387,CUST328387
51,MALE,Masters,wife,0,0,385932,CUST385932
35,MALE,College,own-child,0,0,618682,CUST618682
26,MALE,PhD,own-child,-36500,0,550930,CUST550930
35,FEMALE,College,not-in-family,-19500,0,998192,CUST998192
38,FEMALE,PhD,not-in-family,0,46500,663938,CUST663938
49,MALE,Masters,own-child,0,22700,756870,CUST756870
27,FEMALE,College,own-child,-55800,0,919875,CUST919875
39,FEMALE,Associate,not-in-family,-31700,0,315631,CUST315631
50,FEMALE,PhD,not-in-family,-66800,68400,556415,CUST556415
30,FEMALE,High School,unmarried,-65700,0,250249,CUST250249
54,MALE,High School,wife,-81000,34700,403776,CUST403776
35,MALE,College,own-child,-49900,0,976908,CUST976908
33,FEMALE,Masters,wife,-47700,69500,361829,CUST361829
40,MALE,PhD,husband,-56900,50000,439049,CUST439049
39,MALE,High School,not-in-family,0,71400,378588,CUST378588
52,MALE,PhD,not-in-family,0,50400,794731,CUST794731
34,MALE,PhD,unmarried,0,0,641934,CUST641934
45,MALE,High School,own-child,-40200,0,113516,CUST113516
31,MALE,Associate,husband,0,37700,425631,CUST425631
41,MALE,Masters,unmarried,-57000,0,512894,CUST512894
27,FEMALE,High School,wife,0,0,633090,CUST633090
30,MALE,College,own-child,0,40100,290162,CUST290162
64,MALE,Masters,not-in-family,0,0,911429,CUST911429
25,FEMALE,Associate,husband,0,0,106186,CUST106186
40,FEMALE,College,husband,0,0,311783,CUST311783
43,FEMALE,Associate,not-in-family,0,0,528385,CUST528385
41,FEMALE,College,not-in-family,0,36600,228403,CUST228403
38,MALE,High School,wife,-43800,0,497929,CUST497929
41,FEMALE,College,other-relative,-62500,45500,710741,CUST710741
41,FEMALE,High School,other-relative,-70300,71300,507545,CUST507545
38,FEMALE,Masters,other-relative,0,0,485642,CUST485642
29,MALE,High School,other-relative,-61400,0,796375,CUST796375
31,MALE,Masters,wife,-26400,0,171183,CUST171183
27,FEMALE,Masters,own-child,0,46000,714784,CUST714784
44,MALE,High School,not-in-family,0,0,996850,CUST996850
27,FEMALE,Associate,own-child,-66200,0,284834,CUST284834
39,FEMALE,Masters,wife,-63900,0,830878,CUST830878
57,MALE,Masters,wife,0,0,407958,CUST407958
46,MALE,Masters,husband,0,0,832300,CUST832300
42,FEMALE,Associate,not-in-family,0,0,655356,CUST655356
27,MALE,High School,not-in-family,-90100,57900,831053,CUST831053
34,MALE,High School,other-relative,-61400,45600,893853,CUST893853
36,FEMALE,Associate,own-child,0,0,831479,CUST831479
27,FEMALE,Masters,own-child,0,0,326289,CUST326289
42,MALE,High School,unmarried,-74200,0,779156,CUST779156
31,MALE,Associate,not-in-family,0,58200,856153,CUST856153
50,MALE,Masters,not-in-family,0,0,521694,CUST521694
40,MALE,Associate,husband,0,43700,136520,CUST136520
47,FEMALE,High School,wife,-56400,0,912665,CUST912665
37,FEMALE,Associate,husband,-48400,0,952300,CUST952300
45,MALE,Masters,not-in-family,-54600,0,322609,CUST322609
35,FEMALE,Masters,husband,0,0,431583,CUST431583
35,FEMALE,High School,wife,-42900,0,155912,CUST155912
28,MALE,High School,own-child,0,0,110143,CUST110143
45,MALE,Masters,unmarried,0,0,808544,CUST808544
34,FEMALE,PhD,husband,0,0,409074,CUST409074
48,MALE,Associate,not-in-family,0,45300,824728,CUST824728
38,FEMALE,Masters,husband,-78300,53800,606037,CUST606037
32,FEMALE,High School,husband,0,79900,111874,CUST111874
38,FEMALE,Masters,not-in-family,0,20200,439844,CUST439844
40,MALE,College,wife,-74400,0,463513,CUST463513
36,MALE,High School,unmarried,-57600,50700,607351,CUST607351
40,MALE,College,husband,0,0,682754,CUST682754
32,MALE,Associate,other-relative,-53700,57800,757352,CUST757352
31,FEMALE,High School,other-relative,-28300,0,526296,CUST526296
27,FEMALE,College,husband,-74800,0,658816,CUST658816
54,MALE,College,wife,-44000,58500,913337,CUST913337
29,FEMALE,High School,husband,0,0,488464,CUST488464
20,FEMALE,High School,other-relative,-54700,0,480094,CUST480094
34,MALE,Associate,other-relative,-55100,0,263108,CUST263108
32,MALE,Associate,other-relative,0,82100,298412,CUST298412
39,MALE,High School,other-relative,-33300,0,261905,CUST261905
43,FEMALE,Associate,other-relative,-61500,42900,674485,CUST674485
57,MALE,College,unmarried,-64900,42700,991480,CUST991480
48,MALE,College,husband,0,0,804219,CUST804219
37,FEMALE,PhD,not-in-family,-33800,42200,483088,CUST483088
33,FEMALE,High School,wife,-42000,41300,100804,CUST100804
46,FEMALE,Masters,wife,-51000,0,941807,CUST941807
60,MALE,Associate,other-relative,-43300,73500,593466,CUST593466
51,FEMALE,Masters,not-in-family,-38700,0,437442,CUST437442
47,MALE,Masters,not-in-family,-39800,0,794951,CUST794951
43,MALE,Masters,other-relative,0,37800,687755,CUST687755
25,FEMALE,Masters,not-in-family,0,0,757644,CUST757644
28,FEMALE,College,wife,-18600,0,998865,CUST998865
38,MALE,College,wife,0,40900,944953,CUST944953
29,MALE,High School,other-relative,-77800,0,386429,CUST386429
45,FEMALE,High School,wife,-61400,44500,749325,CUST749325
30,FEMALE,Masters,own-child,-93600,57500,774303,CUST774303
38,MALE,Associate,unmarried,0,0,719989,CUST719989
43,MALE,High School,wife,-44800,0,444035,CUST444035
47,MALE,College,wife,-53300,63900,431478,CUST431478
50,MALE,Masters,wife,-47200,26700,797634,CUST797634
35,FEMALE,High School,husband,0,0,284836,CUST284836
47,MALE,High School,other-relative,-61400,0,885789,CUST885789
42,MALE,PhD,not-in-family,-36300,50700,287436,CUST287436
41,FEMALE,PhD,own-child,-48000,42200,496067,CUST496067
38,FEMALE,High School,other-relative,-53100,0,206004,CUST206004
36,MALE,PhD,husband,-44500,14100,469426,CUST469426
30,FEMALE,High School,husband,0,0,654974,CUST654974
45,FEMALE,Masters,wife,-72500,46700,943425,CUST943425
36,MALE,College,unmarried,-50600,32800,641845,CUST641845
37,FEMALE,Associate,unmarried,-35900,0,794534,CUST794534
31,FEMALE,Associate,husband,-55900,44500,357808,CUST357808
38,FEMALE,Masters,husband,-60300,39300,536052,CUST536052
33,FEMALE,Associate,other-relative,0,45700,790225,CUST790225
57,MALE,High School,wife,-49400,0,587498,CUST587498
41,MALE,High School,unmarried,0,62200,639027,CUST639027
39,FEMALE,Masters,own-child,-42600,0,217899,CUST217899
43,FEMALE,Masters,not-in-family,0,0,458829,CUST458829
33,FEMALE,High School,husband,0,0,626208,CUST626208
46,MALE,College,husband,-70400,0,283267,CUST283267
44,MALE,Associate,other-relative,0,0,442494,CUST442494
23,MALE,High School,own-child,0,57500,520179,CUST520179
61,FEMALE,Masters,wife,-59500,0,607974,CUST607974
29,MALE,College,other-relative,-58700,47500,465065,CUST465065
28,MALE,Masters,other-relative,0,78000,447226,CUST447226
44,FEMALE,Masters,husband,0,0,831668,CUST831668
43,MALE,Associate,own-child,-36000,0,922937,CUST922937
58,MALE,Associate,own-child,-31400,66100,640474,CUST640474
34,MALE,Masters,other-relative,-41200,0,153298,CUST153298
41,FEMALE,Associate,unmarried,-46400,0,334749,CUST334749
29,MALE,Associate,other-relative,0,72100,221283,CUST221283
43,MALE,PhD,other-relative,0,48200,961496,CUST961496
39,FEMALE,College,own-child,0,0,804751,CUST804751
43,MALE,PhD,unmarried,0,49000,369226,CUST369226
32,FEMALE,College,other-relative,0,0,713172,CUST713172
41,FEMALE,College,own-child,-60400,17300,621756,CUST621756
43,FEMALE,High School,other-relative,0,51300,947598,CUST947598
26,FEMALE,Associate,husband,0,10000,658002,CUST658002
34,FEMALE,PhD,wife,-60000,0,374545,CUST374545
33,FEMALE,High School,husband,0,61600,180286,CUST180286
42,FEMALE,College,own-child,-51400,0,662088,CUST662088
34,MALE,Associate,not-in-family,-37900,55300,884365,CUST884365
33,MALE,College,not-in-family,0,67300,507452,CUST507452
50,MALE,PhD,not-in-family,0,79600,990624,CUST990624
39,MALE,PhD,husband,-43600,0,892148,CUST892148
41,MALE,Masters,unmarried,-44400,0,605100,CUST605100
39,FEMALE,PhD,not-in-family,0,38200,143109,CUST143109
44,FEMALE,College,husband,-62700,49900,769602,CUST769602
31,FEMALE,Associate,not-in-family,-44000,39900,973546,CUST973546
40,FEMALE,PhD,not-in-family,-32300,34200,608039,CUST608039
55,MALE,PhD,unmarried,0,57100,250162,CUST250162
35,MALE,High School,wife,0,0,938634,CUST938634
32,MALE,Masters,husband,-29100,58900,482495,CUST482495
36,MALE,College,unmarried,0,51000,796005,CUST796005
60,MALE,High School,wife,-65300,67600,910604,CUST910604
35,FEMALE,Associate,not-in-family,0,83600,327488,CUST327488
31,FEMALE,Masters,unmarried,0,72600,715202,CUST715202
57,MALE,College,wife,-52100,51500,648852,CUST648852
43,MALE,PhD,wife,0,0,516959,CUST516959
30,FEMALE,College,wife,-60800,21100,984456,CUST984456
50,FEMALE,High School,husband,0,21200,801331,CUST801331
61,FEMALE,High School,unmarried,-62100,49900,259792,CUST259792
39,MALE,PhD,husband,0,67800,362407,CUST362407
33,FEMALE,College,own-child,0,0,179538,CUST179538
28,MALE,High School,husband,-59400,67200,265437,CUST265437
61,FEMALE,High School,other-relative,0,53000,921851,CUST921851
38,MALE,PhD,not-in-family,0,60200,192524,CUST192524
61,FEMALE,High School,wife,-15700,0,338070,CUST338070
61,FEMALE,Masters,not-in-family,-68200,42800,865607,CUST865607
41,FEMALE,Associate,other-relative,0,67100,728491,CUST728491
33,MALE,PhD,husband,-48700,0,553436,CUST553436
40,MALE,Associate,husband,-46900,46100,463237,CUST463237
27,MALE,College,unmarried,-61500,50400,753452,CUST753452
30,MALE,College,husband,-31700,0,920554,CUST920554
34,FEMALE,College,wife,0,57100,594783,CUST594783
39,MALE,Masters,other-relative,-52100,83900,607259,CUST607259
32,FEMALE,Associate,husband,0,0,979336,CUST979336
39,MALE,High School,husband,-36800,0,865201,CUST865201
32,FEMALE,Masters,wife,0,29300,140977,CUST140977
48,MALE,College,not-in-family,-41700,46300,787351,CUST787351
56,MALE,Masters,own-child,-81100,49500,728025,CUST728025
33,FEMALE,PhD,not-in-family,0,37900,804608,CUST804608
24,FEMALE,High School,unmarried,0,46800,718829,CUST718829
30,MALE,College,unmarried,0,48900,331170,CUST331170
34,FEMALE,College,other-relative,0,0,910365,CUST910365
29,FEMALE,Masters,not-in-family,-44200,64800,379268,CUST379268
42,MALE,Masters,own-child,0,32500,135400,CUST135400
37,MALE,College,wife,0,0,798579,CUST798579
33,MALE,Associate,husband,0,0,322613,CUST322613
43,FEMALE,PhD,own-child,-58300,0,871305,CUST871305
30,FEMALE,Masters,husband,-34700,0,488037,CUST488037
56,FEMALE,Masters,not-in-family,-63700,0,485813,CUST485813
25,FEMALE,Masters,own-child,-54100,63100,907113,CUST907113
38,FEMALE,PhD,unmarried,0,0,833321,CUST833321
30,FEMALE,College,wife,0,100500,521592,CUST521592
42,MALE,High School,husband,-40700,69500,254837,CUST254837
41,MALE,College,wife,0,25800,634499,CUST634499
47,MALE,High School,husband,0,0,574707,CUST574707
29,MALE,High School,own-child,0,0,476839,CUST476839
34,FEMALE,PhD,not-in-family,0,59500,149601,CUST149601
41,FEMALE,PhD,not-in-family,-64500,0,500639,CUST500639
32,FEMALE,PhD,own-child,0,0,907012,CUST907012
28,FEMALE,Associate,own-child,0,0,866805,CUST866805
26,MALE,Masters,unmarried,-72100,0,951863,CUST951863
32,MALE,PhD,wife,-31900,43100,684653,CUST684653
24,FEMALE,PhD,other-relative,-33300,51700,326180,CUST326180
34,FEMALE,PhD,husband,0,0,620075,CUST620075
43,MALE,Associate,own-child,-48800,0,965187,CUST965187
44,FEMALE,High School,own-child,0,45800,516182,CUST516182
48,MALE,Masters,wife,-71400,0,264221,CUST264221
47,FEMALE,Associate,own-child,0,59600,602704,CUST602704
37,FEMALE,Masters,own-child,0,0,672416,CUST672416
42,MALE,Associate,not-in-family,-79400,63100,545506,CUST545506
43,FEMALE,Associate,not-in-family,0,0,777533,CUST777533
53,MALE,Associate,wife,0,0,369781,CUST369781
21,MALE,Associate,not-in-family,-75000,0,990998,CUST990998
46,MALE,Associate,husband,-41400,0,331683,CUST331683
36,FEMALE,College,wife,-63500,0,364055,CUST364055
36,MALE,High School,own-child,0,0,521854,CUST521854
45,MALE,Associate,own-child,0,54400,737252,CUST737252
43,FEMALE,College,other-relative,0,0,898519,CUST898519
30,MALE,PhD,own-child,-40800,0,957816,CUST957816
40,FEMALE,Masters,husband,0,73200,489618,CUST489618
44,FEMALE,College,other-relative,-48800,0,717044,CUST717044
26,FEMALE,Associate,other-relative,0,52700,101421,CUST101421
53,FEMALE,Associate,unmarried,0,21500,793948,CUST793948
43,FEMALE,Associate,other-relative,-64500,61100,737483,CUST737483
44,FEMALE,College,other-relative,-61600,0,664732,CUST664732
45,FEMALE,Associate,wife,0,38500,219028,CUST219028
49,FEMALE,PhD,own-child,-46000,0,130156,CUST130156
39,FEMALE,Masters,unmarried,-49300,0,599031,CUST599031
37,FEMALE,PhD,not-in-family,0,73700,985446,CUST985446
30,FEMALE,High School,not-in-family,0,0,258265,CUST258265
31,FEMALE,Associate,not-in-family,0,0,569714,CUST569714
30,FEMALE,High School,other-relative,0,78800,556538,CUST556538
55,MALE,College,husband,-50500,24000,669501,CUST669501
38,FEMALE,Masters,not-in-family,0,0,753005,CUST753005
35,MALE,Masters,husband,-43400,40000,330119,CUST330119
33,MALE,High School,husband,0,0,164464,CUST164464
38,MALE,High School,own-child,0,26500,231508,CUST231508
45,MALE,Associate,own-child,0,0,272910,CUST272910
43,FEMALE,PhD,husband,0,53200,950542,CUST950542
34,FEMALE,Associate,own-child,0,73700,291544,CUST291544
33,MALE,Associate,husband,0,61200,388616,CUST388616
21,FEMALE,High School,own-child,0,0,577992,CUST577992
30,MALE,PhD,wife,-63700,66400,491170,CUST491170
27,FEMALE,High School,husband,-49300,56700,175553,CUST175553
31,MALE,Associate,other-relative,0,51300,439341,CUST439341
53,FEMALE,High School,husband,-39100,42900,868031,CUST868031
38,FEMALE,Masters,not-in-family,-50300,65100,744557,CUST744557
48,FEMALE,College,wife,0,46100,159536,CUST159536
36,MALE,Masters,not-in-family,-52500,44900,155604,CUST155604
37,FEMALE,High School,wife,0,0,991553,CUST991553
38,MALE,High School,husband,-70900,70300,727443,CUST727443
41,MALE,PhD,not-in-family,0,65400,378587,CUST378587
36,MALE,College,wife,0,0,420948,CUST420948
33,MALE,High School,own-child,-68800,0,457188,CUST457188
38,FEMALE,College,wife,0,0,987524,CUST987524
31,FEMALE,PhD,not-in-family,0,42100,524215,CUST524215
46,FEMALE,Associate,husband,-65500,0,398484,CUST398484
38,FEMALE,Masters,own-child,0,0,752504,CUST752504
32,MALE,Masters,unmarried,0,0,449263,CUST449263
30,MALE,Associate,other-relative,-15900,0,844007,CUST844007
34,FEMALE,College,husband,-61200,16100,607687,CUST607687
37,FEMALE,Masters,husband,-59800,0,291902,CUST291902
31,FEMALE,College,own-child,0,0,149839,CUST149839
40,MALE,High School,other-relative,-20800,44000,643226,CUST643226
59,FEMALE,High School,wife,0,31400,535879,CUST535879
31,FEMALE,PhD,own-child,0,51900,746630,CUST746630
47,FEMALE,Associate,own-child,-41400,45700,720356,CUST720356
48,FEMALE,PhD,husband,0,47900,724752,CUST724752
31,FEMALE,PhD,own-child,-54300,52800,148498,CUST148498
57,FEMALE,Associate,own-child,0,69900,110122,CUST110122
42,MALE,Associate,own-child,-49700,12800,281388,CUST281388
56,MALE,High School,own-child,-66100,0,728600,CUST728600
63,FEMALE,Masters,own-child,0,0,531160,CUST531160
31,MALE,Masters,not-in-family,-45800,42300,889003,CUST889003
55,FEMALE,PhD,wife,-57700,0,193213,CUST193213
27,FEMALE,College,unmarried,-43700,30800,557218,CUST557218
37,FEMALE,Masters,not-in-family,0,60100,125591,CUST125591
43,MALE,High School,not-in-family,-44400,42600,791425,CUST791425
32,MALE,Masters,not-in-family,-48600,67800,433663,CUST433663
42,FEMALE,High School,other-relative,0,0,471938,CUST471938
25,MALE,Masters,wife,0,35400,564654,CUST564654
35,FEMALE,High School,husband,-45300,0,645723,CUST645723
35,FEMALE,Associate,husband,-48800,0,437960,CUST437960
37,FEMALE,PhD,unmarried,-89400,30400,649800,CUST649800
37,FEMALE,High School,own-child,-36400,0,390256,CUST390256
26,MALE,Masters,other-relative,0,64600,488597,CUST488597
32,FEMALE,Associate,own-child,0,53800,931901,CUST931901
55,MALE,High School,unmarried,0,69400,844062,CUST844062
25,FEMALE,Associate,not-in-family,-35200,53400,732169,CUST732169
44,MALE,College,wife,0,25800,221854,CUST221854
37,MALE,PhD,own-child,-51500,0,776950,CUST776950
33,FEMALE,Associate,unmarried,-5700,38400,889764,CUST889764
42,MALE,Associate,other-relative,-49600,0,929306,CUST929306
32,FEMALE,High School,unmarried,0,27600,515457,CUST515457
37,FEMALE,Masters,not-in-family,-55400,0,556270,CUST556270
40,MALE,PhD,unmarried,0,39300,908935,CUST908935
44,MALE,College,unmarried,-65800,0,525862,CUST525862
43,MALE,High School,other-relative,0,28900,490514,CUST490514
32,MALE,High School,wife,-21500,0,669809,CUST669809
42,MALE,College,not-in-family,-58400,0,182953,CUST182953
46,FEMALE,High School,wife,0,0,591269,CUST591269
21,FEMALE,High School,husband,-54000,37500,550127,CUST550127
30,MALE,High School,own-child,-82100,0,681486,CUST681486
38,FEMALE,Masters,unmarried,0,0,941851,CUST941851
41,FEMALE,PhD,wife,0,70900,186934,CUST186934
34,FEMALE,Masters,other-relative,0,35100,918516,CUST918516
62,MALE,Associate,wife,0,0,533940,CUST533940
60,FEMALE,Associate,husband,0,0,556080,CUST556080
